time,ping,upld,dwnld,temp,temp_max,temp_min,windspd,winddir,hmdt,clouds,rain,snow,prss
2017-11-30 20:17:41.904241,36.909520626068115,4384387.111962554,4952490.800627376,0.0,0.0,0.0,5.1,220,96,90,{},{},1002

